month,day,Daily_Temp,Daily_Precip,Daily_Humidity,Daily_Pressure,Daily_WindDir,Daily_WindSpeed,Daily_DNI,Daily_GHI,Daily_radiation
4,4,30.11428571428572,34.464285714285715,54.35714285714285,1010.0214285714284,129.21428571428572,3.742857142857143,524.1428571428571,507.1428571428572,140.28571428571428
11,16,29.65,47.86666666666667,66.0,1006.7083333333334,282.6666666666667,2.1666666666666665,441.3333333333333,435.1666666666667,155.5
12,28,28.73333333333333,58.05833333333334,67.5,1004.9916666666668,136.5,1.3333333333333333,301.4166666666667,385.4166666666667,195.16666666666663
10,2,29.6,53.392307692307696,65.61538461538461,1009.0615384615384,191.6153846153846,1.8384615384615384,82.0,193.15384615384616,131.46153846153845
3,31,30.678571428571427,32.34285714285714,52.285714285714285,1008.7071428571428,126.14285714285714,2.942857142857143,595.8571428571429,523.5,104.71428571428572
11,19,30.1,43.14166666666667,62.66666666666666,1006.7666666666668,78.75,1.883333333333333,396.6666666666667,396.5,162.83333333333334
1,1,26.536363636363635,55.83636363636364,64.63636363636364,1009.6090909090908,73.27272727272727,4.163636363636363,4.636363636363637,221.0,219.1818181818182
9,25,29.984615384615385,49.892307692307696,64.84615384615384,1009.4846153846154,116.76923076923076,1.8692307692307693,223.30769230769232,361.0769230769231,224.46153846153845
9,12,29.3,58.26923076923077,65.53846153846153,1007.2,108.76923076923076,3.1153846153846154,25.0,237.6153846153846,232.23076923076923
2,27,27.025,24.1,58.41666666666666,999.0,78.91666666666667,6.0,382.1666666666667,464.5833333333333,226.25
5,9,27.07857142857143,61.09285714285714,89.78571428571429,994.0785714285714,259.1428571428572,2.257142857142857,462.6428571428572,508.0,134.92857142857142
8,4,30.957142857142856,59.43571428571429,62.07142857142857,1004.3285714285714,121.85714285714286,1.542857142857143,137.42857142857142,369.9285714285714,251.2142857142857
2,28,27.575,26.633333333333336,60.083333333333336,998.725,78.08333333333333,4.4750000000000005,204.75,348.4166666666667,233.66666666666663
5,24,31.728571428571428,58.02857142857143,59.42857142857143,1008.2142857142856,193.42857142857144,2.9785714285714286,496.7857142857143,509.7142857142857,126.42857142857144
2,25,28.35833333333333,36.55,57.5,1011.3166666666666,77.75,5.675,514.1666666666666,477.5,144.5
12,4,29.225,60.96666666666667,66.83333333333333,1005.1416666666668,53.41666666666666,1.6916666666666669,15.25,179.5,172.5
6,9,31.87142857142857,47.35714285714285,58.71428571428572,1005.9785714285716,133.71428571428572,1.8000000000000005,233.28571428571428,398.2857142857143,237.3571428571429
9,15,26.33076923076923,66.6,86.07692307692308,1005.1153846153846,216.3846153846154,5.676923076923076,17.76923076923077,226.23076923076923,210.53846153846155
9,16,27.784615384615385,64.9076923076923,79.53846153846153,1003.7769230769233,232.92307692307693,6.676923076923076,0.6153846153846154,211.7692307692308,211.23076923076923
11,11,28.5,61.525,73.08333333333333,1002.125,300.5833333333333,7.091666666666666,37.41666666666666,150.58333333333334,122.58333333333331
10,26,27.808333333333334,65.63333333333334,77.16666666666667,999.5416666666666,95.91666666666669,11.083333333333334,1.4166666666666667,183.25,182.91666666666663
8,10,30.485714285714288,61.55714285714286,65.42857142857143,1006.95,186.7142857142857,3.1,107.57142857142856,304.07142857142856,219.78571428571428
3,27,28.876923076923077,45.9076923076923,60.84615384615385,1000.5846153846154,77.07692307692308,6.361538461538462,171.3846153846154,377.9230769230769,272.38461538461536
7,12,30.978571428571428,56.15714285714286,63.35714285714285,1005.25,208.64285714285717,2.7357142857142853,198.3571428571429,325.7857142857143,170.07142857142858
6,6,32.871428571428574,47.9,53.57142857142857,1008.0428571428572,97.85714285714286,4.307142857142857,395.8571428571428,460.07142857142856,193.78571428571428
3,5,28.20833333333333,39.04166666666666,61.5,999.2916666666666,81.5,5.8,280.4166666666667,405.25,237.33333333333331
1,27,28.541666666666668,27.09166666666667,59.333333333333336,1008.0166666666668,248.83333333333331,2.908333333333333,695.8333333333334,512.75,84.91666666666667
3,15,26.6,45.03333333333333,77.75,1000.725,46.833333333333336,2.183333333333333,85.5,380.4166666666667,313.3333333333333
9,6,30.6,58.22307692307693,66.46153846153847,1003.8,237.53846153846155,3.6692307692307695,439.5384615384616,506.6923076923077,154.30769230769232
10,1,30.78333333333333,58.81666666666666,64.83333333333333,1003.7166666666668,200.5,2.208333333333333,159.83333333333334,419.5,310.3333333333333
9,14,29.200000000000003,62.43846153846154,68.0,1004.5769230769232,188.23076923076923,3.015384615384616,167.3846153846154,324.15384615384613,177.84615384615384
11,24,29.133333333333336,37.66666666666666,60.083333333333336,1009.1083333333332,57.91666666666666,5.633333333333333,438.4166666666667,402.4166666666667,152.58333333333334
11,13,30.016666666666666,57.25,69.33333333333333,1006.7,107.83333333333331,4.541666666666667,583.25,472.75,101.5
10,23,29.65,64.14999999999999,70.66666666666667,1004.6583333333332,229.83333333333331,3.716666666666667,472.25,480.1666666666667,152.75
12,25,29.141666666666666,46.39166666666667,65.16666666666667,1007.3333333333334,73.75,2.025,302.9166666666667,355.6666666666667,184.33333333333331
5,31,31.95,36.635714285714286,52.71428571428572,1009.0214285714284,124.71428571428572,3.1714285714285717,448.4285714285714,494.1428571428572,162.42857142857142
1,31,26.008333333333336,33.141666666666666,63.25,1011.65,189.91666666666663,2.4,27.75,281.5,268.1666666666667
3,6,29.066666666666663,42.91666666666666,60.0,1009.0083333333332,131.33333333333334,2.208333333333333,349.4166666666667,465.6666666666667,219.33333333333331
12,22,28.666666666666668,33.9,63.66666666666666,1008.4416666666666,147.41666666666666,1.825,349.9166666666667,375.4166666666667,180.25
9,19,28.125,63.31666666666666,74.66666666666667,1005.9583333333334,242.83333333333331,6.1000000000000005,71.0,312.25,253.08333333333331
2,6,27.541666666666668,43.39166666666667,66.41666666666667,1010.7916666666666,71.58333333333333,4.6000000000000005,42.833333333333336,184.25,160.33333333333334
1,28,25.10833333333333,27.366666666666664,63.16666666666666,1002.3083333333334,65.16666666666667,7.241666666666667,228.58333333333331,361.1666666666667,239.5
4,29,30.957142857142856,45.721428571428575,58.42857142857143,996.8214285714286,84.5,3.7642857142857142,286.92857142857144,419.5,222.64285714285717
4,9,30.423076923076923,49.79230769230769,57.76923076923077,1010.2384615384616,140.92307692307693,1.492307692307692,69.3076923076923,267.7692307692308,237.6153846153846
11,8,30.05,54.45,63.25,1005.0416666666666,134.83333333333334,1.8666666666666665,329.8333333333333,398.5,185.16666666666663
9,10,27.784615384615385,59.84615384615385,74.61538461538461,1007.676923076923,299.7692307692308,3.392307692307692,22.692307692307693,254.7692307692308,240.15384615384616
3,22,29.241666666666664,28.725,57.333333333333336,998.1166666666668,74.58333333333333,2.95,520.0833333333334,571.4166666666666,184.83333333333331
1,25,26.5,36.458333333333336,69.0,1000.6083333333332,65.75,7.241666666666667,22.0,186.25,175.41666666666666
1,6,26.65833333333333,31.933333333333334,69.75,1002.4833333333332,70.75,5.8,384.5,369.25,195.08333333333331
9,6,29.746153846153845,57.06923076923077,69.76923076923077,1004.7923076923076,237.15384615384616,7.923076923076923,116.15384615384616,397.46153846153845,306.3076923076923
12,2,28.125,48.50833333333333,65.0,1004.7833333333332,337.0833333333333,4.783333333333333,54.083333333333336,265.8333333333333,230.5
2,19,27.125,29.925,57.41666666666666,1014.1333333333332,71.5,4.141666666666667,373.6666666666667,445.5833333333333,236.16666666666663
7,9,30.36428571428572,52.99285714285714,65.0,1006.75,246.07142857142856,4.871428571428572,400.3571428571428,474.6428571428572,181.07142857142856
9,19,30.36923076923077,57.98461538461538,62.92307692307692,1007.8,173.23076923076923,0.7769230769230769,259.0769230769231,350.46153846153845,159.84615384615384
1,13,27.96666666666667,43.05,63.5,1006.9,194.5,1.425,120.75,245.58333333333331,201.5
10,24,29.85384615384616,49.400000000000006,63.53846153846154,1008.0538461538462,143.3846153846154,1.2153846153846155,164.0,292.84615384615387,214.7692307692308
6,29,30.042857142857144,56.392857142857146,64.21428571428571,1006.3142857142856,205.2142857142857,3.757142857142857,432.07142857142856,447.0,151.57142857142858
2,19,27.366666666666664,23.58333333333333,60.333333333333336,1003.4083333333332,85.58333333333333,5.316666666666667,732.8333333333334,563.8333333333334,84.33333333333333
5,6,27.35,59.885714285714286,86.78571428571429,994.3571428571428,265.5,3.492857142857143,98.5,272.57142857142856,197.2142857142857
5,23,28.914285714285715,52.0,77.57142857142857,995.8928571428572,239.0,1.1071428571428572,190.64285714285717,413.9285714285714,261.5
1,22,26.15833333333333,39.4,76.33333333333333,997.675,43.91666666666666,5.9,361.5833333333333,370.5,168.41666666666666
2,2,25.65,31.21666666666667,71.0,1001.2,73.25,7.116666666666667,432.5,432.3333333333333,185.5
6,23,31.55,50.04285714285714,62.92857142857143,1004.657142857143,251.8571428571429,3.021428571428572,410.7142857142857,481.2142857142857,144.42857142857142
8,8,29.07857142857143,67.77142857142857,75.5,998.3857142857142,226.3571428571429,11.30714285714286,12.785714285714286,148.85714285714286,142.71428571428572
7,24,31.357142857142858,57.33571428571429,60.285714285714285,1005.6142857142858,154.35714285714286,1.65,185.78571428571428,369.0,228.14285714285717
5,10,31.885714285714283,49.521428571428565,59.0,1006.6,210.5,1.5571428571428572,304.42857142857144,451.5,230.0
5,18,28.942857142857143,51.25714285714286,78.28571428571429,995.0571428571428,245.42857142857144,2.35,372.1428571428572,477.2142857142857,183.07142857142856
11,14,30.058333333333334,53.01666666666667,65.66666666666667,1008.2416666666668,77.58333333333333,3.4916666666666667,231.16666666666663,296.3333333333333,174.5
11,27,29.2,58.81666666666666,68.25,1007.9583333333334,56.16666666666666,3.8,21.416666666666668,157.83333333333334,145.5
4,8,30.385714285714283,37.65,59.42857142857143,997.6857142857144,75.85714285714286,4.471428571428572,300.85714285714283,449.7142857142857,226.28571428571428
7,25,29.857142857142858,58.621428571428574,67.71428571428571,1006.6714285714286,270.2857142857143,3.9,265.7142857142857,437.7857142857143,215.7142857142857
11,10,30.275,58.075,63.333333333333336,1006.9583333333334,97.33333333333331,1.1166666666666667,225.58333333333331,333.8333333333333,224.0
6,16,31.585714285714285,56.82142857142857,61.42857142857143,1005.3071428571428,223.64285714285717,3.085714285714286,368.3571428571428,449.0,155.85714285714286
9,21,30.72307692307692,48.02307692307692,62.92307692307692,1005.1,142.46153846153845,1.0076923076923077,276.15384615384613,413.46153846153845,207.92307692307693
8,29,29.791666666666668,53.5,68.66666666666667,1003.5333333333332,282.3333333333333,3.7083333333333335,60.25,330.25,272.0
7,1,25.99285714285714,67.51428571428572,86.5,1002.842857142857,155.5,4.2,0.0,81.21428571428571,81.21428571428571
9,4,30.9,55.23076923076923,64.0,1005.4461538461538,309.0,3.146153846153846,508.61538461538464,530.9230769230769,144.07692307692307
9,26,30.09230769230769,50.92307692307692,62.69230769230769,1009.123076923077,224.84615384615384,1.723076923076923,373.3076923076923,451.3076923076923,186.3846153846154
1,17,28.933333333333334,49.4,65.91666666666667,1009.5666666666666,223.83333333333331,1.3416666666666668,269.4166666666667,362.8333333333333,208.25
10,4,30.484615384615385,52.55384615384616,63.61538461538461,1003.4769230769232,173.23076923076923,1.4153846153846152,284.6923076923077,421.5384615384616,214.92307692307693
5,17,29.52142857142857,53.457142857142856,74.57142857142857,994.9857142857144,260.5,1.6357142857142857,146.14285714285714,344.35714285714283,240.0
5,29,31.814285714285717,50.49285714285714,58.785714285714285,1008.5857142857144,158.35714285714286,1.842857142857143,313.57142857142856,441.8571428571428,200.28571428571428
1,15,26.933333333333334,28.84166666666667,64.91666666666667,999.6166666666668,78.66666666666667,6.5,602.75,475.3333333333333,99.58333333333331
11,16,30.325,48.36666666666667,62.41666666666666,1008.1083333333332,71.83333333333333,2.208333333333333,247.41666666666663,289.5833333333333,152.25
9,11,31.258333333333336,52.975,59.16666666666666,1005.275,192.75,1.366666666666667,274.1666666666667,385.8333333333333,171.08333333333334
3,4,28.241666666666664,28.46666666666667,61.083333333333336,998.65,81.41666666666667,3.633333333333333,588.1666666666666,553.25,158.0
12,8,28.05,41.475,61.0,1010.1583333333332,47.333333333333336,3.8,449.1666666666667,416.5833333333333,150.5
1,17,26.35,27.58333333333333,64.41666666666667,999.8666666666668,64.25,5.075,446.8333333333333,434.4166666666667,168.91666666666666
11,12,28.391666666666666,51.54166666666666,69.91666666666667,1008.2583333333332,189.0,1.6416666666666666,99.08333333333331,276.4166666666667,216.66666666666663
3,10,28.53333333333333,26.141666666666666,58.833333333333336,999.1166666666668,145.75,1.3,551.1666666666666,562.3333333333334,173.33333333333334
1,5,26.70833333333333,35.708333333333336,72.08333333333333,1002.9416666666666,75.5,6.583333333333333,315.5,382.6666666666667,193.58333333333331
9,15,28.346153846153847,66.07692307692308,74.92307692307692,1003.7769230769233,56.07692307692308,2.892307692307692,35.38461538461539,280.0,247.15384615384616
2,21,27.2,30.10833333333333,60.0,1015.925,55.083333333333336,6.841666666666666,466.75,488.4166666666667,197.66666666666663
5,26,32.392857142857146,59.285714285714285,58.07142857142857,1007.7857142857144,200.2142857142857,2.007142857142857,108.78571428571428,336.0,243.78571428571428
4,19,30.72142857142857,36.771428571428565,60.71428571428572,995.7785714285714,111.78571428571428,2.95,461.1428571428572,505.07142857142856,149.85714285714286
12,31,24.59,55.84,93.6,1000.78,66.4,7.909999999999999,0.3,152.2,152.1
9,27,30.976923076923075,52.41538461538461,62.23076923076923,1006.4692307692308,150.53846153846155,1.9384615384615385,326.6923076923077,455.6923076923077,194.46153846153845
9,12,25.76923076923077,64.33076923076922,84.53846153846153,1003.3461538461538,256.6923076923077,1.4692307692307691,0.6923076923076923,65.84615384615384,65.6923076923077
8,19,29.678571428571427,52.96428571428572,70.71428571428571,1004.0642857142856,269.5,3.664285714285714,265.35714285714283,412.3571428571428,206.7142857142857
12,31,29.016666666666666,39.56666666666667,61.91666666666666,1013.3166666666666,55.66666666666666,4.333333333333333,264.8333333333333,322.4166666666667,171.16666666666666
4,23,30.821428571428573,34.84285714285714,58.07142857142857,996.407142857143,87.14285714285714,5.15,494.7857142857143,500.6428571428572,151.07142857142858
11,24,29.825,49.8,64.83333333333333,1008.675,58.16666666666666,2.983333333333333,231.75,330.3333333333333,192.75
10,12,29.27692307692308,50.07692307692308,65.76923076923077,1006.9461538461538,155.53846153846155,1.4615384615384617,222.92307692307693,385.6923076923077,241.53846153846155
5,29,28.264285714285712,54.91428571428571,80.92857142857143,995.3857142857142,85.57142857142857,1.8928571428571428,140.14285714285714,362.2142857142857,244.14285714285717
5,8,27.392857142857142,62.49285714285714,87.42857142857143,993.2928571428572,234.07142857142856,0.8285714285714285,66.07142857142857,328.0,283.6428571428572
1,30,25.666666666666668,27.175,61.75,1002.3666666666668,68.91666666666667,6.4750000000000005,168.25,290.9166666666667,175.5
6,4,33.49285714285715,50.68571428571429,53.21428571428572,1006.0,109.35714285714286,3.7,391.9285714285714,469.2857142857143,162.07142857142858
6,7,32.02142857142857,50.98571428571428,58.35714285714285,1005.1928571428572,165.0,1.5142857142857142,320.07142857142856,449.57142857142856,211.42857142857144
8,2,27.792857142857144,60.371428571428574,74.85714285714286,1005.9571428571428,240.7142857142857,1.4142857142857144,12.785714285714286,274.2857142857143,263.7142857142857
10,14,27.15,60.925,77.75,1005.6166666666668,155.16666666666666,2.316666666666667,0.0,83.66666666666667,83.66666666666667
2,24,28.441666666666663,39.15833333333333,60.91666666666666,1012.2166666666668,77.75,5.0,252.58333333333331,380.1666666666667,241.25
4,30,31.185714285714287,37.87857142857143,53.85714285714285,995.7571428571428,97.42857142857144,2.507142857142857,476.07142857142856,502.5,153.57142857142858
7,10,30.40714285714285,51.52857142857143,66.0,1007.5642857142856,240.14285714285717,4.592857142857143,482.3571428571428,501.2142857142857,125.28571428571428
12,14,29.258333333333336,46.31666666666666,63.833333333333336,1010.9833333333332,67.41666666666667,4.283333333333333,251.5,247.66666666666663,138.5
7,16,27.07857142857143,62.72857142857144,75.78571428571429,1000.2142857142856,291.2142857142857,2.685714285714286,0.0,164.0,164.0
11,25,28.85833333333333,37.025,60.25,1008.7416666666668,58.66666666666666,5.366666666666667,252.0,287.25,136.83333333333334
10,3,29.50769230769231,50.323076923076925,61.53846153846154,1008.0769230769232,208.23076923076923,2.069230769230769,451.1538461538461,491.46153846153845,152.30769230769232
6,21,31.885714285714283,51.90714285714286,60.142857142857146,1004.8,202.2142857142857,2.657142857142857,385.57142857142856,474.8571428571428,168.64285714285714
6,20,32.142857142857146,53.93571428571429,58.785714285714285,1005.1214285714286,175.07142857142858,1.2714285714285716,344.7142857142857,453.0,202.57142857142856
2,15,26.84166666666667,26.133333333333336,58.583333333333336,1003.2166666666668,75.16666666666667,5.808333333333334,732.25,551.8333333333334,77.66666666666667
4,17,30.75,49.65,59.85714285714285,1009.85,101.28571428571428,3.271428571428572,167.5,364.5,257.85714285714283
10,30,30.015384615384612,53.36923076923077,63.07692307692308,1007.176923076923,74.38461538461539,1.8846153846153848,83.46153846153847,278.38461538461536,235.84615384615384
3,8,30.3,48.44166666666666,60.083333333333336,1007.6083333333332,172.58333333333334,1.9083333333333328,513.6666666666666,540.9166666666666,184.25
2,12,27.133333333333336,25.775,56.41666666666666,1013.525,88.5,4.4,546.5,508.75,135.83333333333334
3,13,30.35,33.68333333333333,55.25,1011.9,132.5,1.95,633.0833333333334,570.9166666666666,147.83333333333334
9,30,30.23076923076923,54.66153846153846,66.6923076923077,1003.5615384615384,262.84615384615387,2.6846153846153844,263.15384615384613,427.46153846153845,234.3846153846154
4,15,30.15,45.21428571428572,61.285714285714285,997.5285714285714,100.71428571428572,3.0500000000000003,93.85714285714286,365.7857142857143,303.7857142857143
1,31,25.925,32.44166666666667,73.08333333333333,1001.2666666666668,71.25,5.266666666666667,48.833333333333336,267.9166666666667,246.33333333333331
12,4,29.766666666666666,52.73333333333333,68.16666666666667,1006.3916666666668,109.58333333333331,5.308333333333334,527.8333333333334,439.25,118.16666666666669
8,15,29.678571428571427,60.55,66.14285714285714,1005.2214285714286,296.57142857142856,2.75,101.5,314.0,233.78571428571428
3,26,30.35384615384616,27.446153846153848,50.46153846153846,1009.7846153846154,89.0,4.830769230769231,700.2307692307693,582.0,83.0
8,6,27.27142857142857,69.92857142857143,84.5,998.9285714285714,228.0,7.114285714285714,51.21428571428572,334.2142857142857,286.85714285714283
7,26,29.90714285714285,59.871428571428574,67.57142857142857,1005.5642857142856,263.7142857142857,3.435714285714286,334.57142857142856,458.2857142857143,210.42857142857144
10,20,30.41538461538461,50.98461538461538,62.38461538461539,1007.8307692307692,132.3846153846154,1.3692307692307693,136.07692307692307,317.0769230769231,224.53846153846155
3,12,29.025,27.441666666666663,56.16666666666666,999.275,142.75,1.9333333333333331,456.5833333333333,554.3333333333334,208.5
11,29,29.03333333333333,54.55833333333334,66.66666666666667,1008.3666666666668,63.75,5.541666666666667,49.333333333333336,251.41666666666663,224.08333333333331
8,25,29.35,60.385714285714286,71.28571428571429,1006.0571428571428,232.64285714285717,3.3857142857142857,31.571428571428573,192.3571428571429,180.8571428571429
10,29,30.476923076923075,56.69230769230769,62.69230769230769,1006.2615384615384,99.3076923076923,2.8615384615384616,0.3846153846153846,184.3846153846154,184.30769230769232
3,5,29.316666666666663,33.11666666666667,54.25,1008.9916666666668,144.25,2.583333333333333,704.9166666666666,588.0,91.58333333333331
1,12,27.98333333333333,36.23333333333333,61.833333333333336,1006.9166666666666,154.08333333333334,1.5083333333333335,153.75,318.0,231.5
4,23,31.707142857142856,44.32142857142857,58.07142857142857,1008.0428571428572,126.64285714285714,3.5142857142857147,303.92857142857144,453.1428571428572,223.57142857142856
2,17,28.291666666666668,34.050000000000004,58.833333333333336,1012.5583333333334,114.75,2.025,187.0,291.75,202.66666666666663
5,28,27.935714285714287,56.385714285714286,81.35714285714286,995.8285714285714,107.57142857142856,2.05,358.0,470.0,177.14285714285714
4,29,30.135714285714283,52.33571428571429,59.85714285714285,1008.8142857142856,78.71428571428571,3.242857142857143,280.6428571428572,440.07142857142856,236.2142857142857
5,4,28.8,51.971428571428575,73.07142857142857,996.4357142857144,264.6428571428572,1.7,271.42857142857144,446.7142857142857,246.5
9,17,27.700000000000003,63.86923076923077,78.15384615384616,1004.246153846154,221.23076923076923,6.653846153846154,84.0,348.3076923076923,283.53846153846155
4,27,30.714285714285715,28.5,56.57142857142857,996.9571428571428,79.0,4.971428571428571,540.7857142857143,521.8571428571429,109.42857142857144
2,12,26.83333333333333,29.808333333333334,65.33333333333333,1004.5583333333334,74.75,7.083333333333333,357.4166666666667,375.3333333333333,167.41666666666666
4,5,29.27692307692308,41.45384615384615,62.38461538461539,998.4692307692308,96.84615384615384,3.792307692307692,428.84615384615387,510.61538461538464,199.92307692307693
9,23,30.0,61.17692307692308,68.3076923076923,1005.7923076923076,294.3076923076923,3.6538461538461537,206.07692307692307,400.2307692307692,247.69230769230768
3,28,30.457142857142856,40.85714285714285,55.57142857142857,1008.0357142857144,122.5,2.935714285714286,528.0714285714286,502.2857142857143,133.78571428571428
11,3,29.891666666666666,60.25833333333333,65.25,1007.225,159.41666666666666,1.1916666666666669,330.6666666666667,419.8333333333333,202.58333333333331
1,13,26.291666666666668,40.016666666666666,74.58333333333333,999.2583333333332,64.16666666666667,6.425,131.41666666666666,188.16666666666663,131.25
9,13,27.73076923076923,64.5923076923077,76.46153846153847,1002.8615384615384,188.0,1.515384615384615,114.15384615384616,342.15384615384613,268.53846153846155
5,25,28.064285714285717,57.25,81.78571428571429,995.1857142857144,94.92857142857144,2.878571428571429,159.21428571428572,378.2857142857143,253.28571428571428
5,14,29.807142857142857,44.892857142857146,73.0,996.7,101.21428571428572,1.4642857142857142,485.2142857142857,511.9285714285714,138.0
12,19,25.866666666666664,62.7,79.33333333333333,1007.0333333333332,41.5,4.291666666666667,10.25,145.33333333333334,137.91666666666666
11,9,29.84166666666667,57.38333333333333,64.91666666666667,1005.8583333333332,59.25,1.7666666666666666,65.83333333333333,267.0,221.41666666666663
10,8,30.300000000000004,45.93076923076923,59.84615384615385,1007.4461538461538,53.84615384615385,2.1,265.6923076923077,333.15384615384613,176.53846153846155
3,23,29.15,29.316666666666663,56.333333333333336,998.9,74.5,4.0,554.5833333333334,579.0833333333334,176.75
10,2,28.861538461538466,61.784615384615385,69.92307692307692,1005.6076923076924,157.07692307692307,2.0461538461538464,79.15384615384616,310.0,255.30769230769232
2,15,28.433333333333334,33.050000000000004,59.91666666666666,1011.3,95.33333333333331,4.291666666666667,650.5833333333334,527.8333333333334,114.25
4,27,31.24285714285714,42.34285714285715,58.35714285714285,1008.5071428571428,114.35714285714286,3.442857142857143,198.92857142857144,356.07142857142856,241.57142857142856
5,3,28.3,50.72857142857144,80.21428571428571,997.2071428571428,159.78571428571428,1.1785714285714286,328.1428571428572,472.07142857142856,199.5
1,25,27.791666666666668,55.3,69.08333333333333,1009.3583333333332,79.58333333333333,2.475,104.16666666666669,256.9166666666667,198.08333333333331
5,13,28.678571428571427,49.41428571428571,77.57142857142857,996.7428571428572,125.64285714285714,1.35,425.3571428571428,492.4285714285714,170.85714285714286
12,19,28.566666666666663,42.41666666666666,64.41666666666667,1009.8666666666668,64.0,3.8,274.0833333333333,352.3333333333333,207.25
12,13,29.10833333333333,39.38333333333333,62.0,1011.1166666666668,64.91666666666667,4.016666666666667,460.6666666666667,391.8333333333333,148.91666666666666
11,5,28.83333333333333,57.48333333333333,67.91666666666667,1008.9,180.08333333333334,1.3916666666666666,69.91666666666667,329.1666666666667,280.1666666666667
8,28,28.37857142857143,63.05,71.42857142857143,1003.55,188.14285714285717,4.878571428571428,110.21428571428572,355.35714285714283,279.35714285714283
6,27,28.285714285714285,66.81428571428572,75.64285714285714,1003.6285714285714,233.57142857142856,5.1000000000000005,115.07142857142856,286.35714285714283,195.42857142857144
4,12,28.1,55.284615384615385,81.46153846153847,997.5538461538462,100.84615384615384,2.5461538461538464,147.53846153846155,367.1538461538461,265.3076923076923
10,25,29.9,44.12307692307692,62.84615384615385,1008.7153846153846,68.0,3.123076923076923,297.61538461538464,348.38461538461536,184.7692307692308
9,24,29.77692307692308,53.63076923076923,67.53846153846153,1009.7692307692308,145.84615384615384,1.053846153846154,83.23076923076923,274.61538461538464,235.07692307692307
11,25,29.766666666666666,52.99166666666667,63.583333333333336,1008.7166666666668,47.833333333333336,3.983333333333333,259.9166666666667,325.5833333333333,167.66666666666666
3,11,30.266666666666666,44.69166666666666,60.41666666666666,1010.775,119.91666666666669,3.225,199.41666666666663,353.0,253.83333333333331
6,22,32.08571428571428,54.72857142857144,59.57142857142857,1004.9428571428572,167.07142857142858,1.592857142857143,204.64285714285717,400.2857142857143,269.92857142857144
11,8,29.85833333333333,57.65,68.91666666666667,1004.325,71.0,5.158333333333333,163.0,352.4166666666667,232.41666666666663
8,17,30.25714285714286,58.971428571428575,64.0,1004.4357142857144,246.78571428571428,2.3857142857142857,141.28571428571428,368.1428571428572,252.57142857142856
1,24,26.666666666666668,51.425,71.58333333333333,1011.1833333333334,102.5,1.6916666666666669,37.083333333333336,199.41666666666663,187.91666666666663
5,15,28.40714285714285,63.60714285714285,73.0,1002.4285714285714,171.14285714285714,7.385714285714286,11.642857142857142,127.85714285714286,123.14285714285714
11,15,29.08333333333333,53.925,65.5,1006.0833333333334,250.0,1.8583333333333332,276.1666666666667,391.4166666666667,225.0
10,15,29.884615384615383,41.84615384615385,59.92307692307692,1008.7769230769233,75.15384615384616,3.5846153846153848,297.0769230769231,353.6923076923077,185.7692307692308
11,20,28.9,45.4,68.83333333333333,1004.9,247.25,3.5,210.91666666666663,368.1666666666667,230.25
3,26,29.03333333333333,33.53333333333333,56.5,1001.1583333333332,77.58333333333333,5.366666666666667,503.0,553.8333333333334,167.0
8,9,28.635714285714283,67.78571428571429,76.5,1001.7357142857144,226.07142857142856,10.521428571428572,0.0,105.07142857142856,105.07142857142856
7,27,29.6,61.01428571428572,65.92857142857143,1004.9,248.3571428571429,2.378571428571429,20.928571428571427,236.57142857142856,219.64285714285717
8,11,29.77142857142857,55.91428571428571,70.0,1004.5285714285714,245.0,8.507142857142856,261.7142857142857,399.9285714285714,210.57142857142856
3,7,28.808333333333334,36.975,62.583333333333336,999.1833333333334,89.91666666666667,4.2250000000000005,350.0833333333333,463.25,242.58333333333331
1,15,27.666666666666668,44.225,65.58333333333333,1010.2583333333332,68.33333333333333,3.8166666666666655,112.91666666666669,218.0,160.66666666666666
2,14,27.933333333333334,38.766666666666666,62.833333333333336,1010.8666666666668,82.91666666666667,2.9416666666666664,254.83333333333331,379.0,235.58333333333331
4,21,31.45,41.74285714285714,56.07142857142857,1008.2071428571428,120.92857142857144,3.2785714285714285,597.0714285714286,533.9285714285714,91.71428571428572
12,13,29.891666666666666,56.208333333333336,63.75,1006.675,103.91666666666669,0.875,157.91666666666666,325.0833333333333,226.16666666666663
12,1,28.425,30.433333333333334,57.25,1007.3,33.416666666666664,3.15,327.25,382.4166666666667,190.08333333333331
2,22,26.96666666666667,26.975,61.91666666666666,1000.8416666666668,66.83333333333333,4.075,411.0833333333333,460.9166666666667,188.58333333333331
3,20,28.9,30.846153846153847,59.46153846153846,998.746153846154,78.6923076923077,6.407692307692307,637.8461538461538,551.8461538461538,116.15384615384616
8,12,29.807142857142857,57.79285714285714,69.78571428571429,1004.7928571428572,249.64285714285717,7.714285714285714,165.07142857142858,365.1428571428572,250.78571428571428
6,2,33.48571428571429,48.82142857142857,52.85714285714285,1005.9285714285714,101.57142857142856,4.128571428571429,430.8571428571428,479.8571428571428,175.21428571428572
11,17,29.99166666666667,50.84166666666667,64.66666666666667,1007.25,85.66666666666667,2.891666666666667,232.5,326.5,197.25
8,2,28.32857142857143,63.17857142857143,75.64285714285714,1003.9,256.07142857142856,5.3,10.071428571428571,149.5,140.71428571428572
12,11,30.0,53.583333333333336,62.583333333333336,1007.1833333333334,134.75,1.475,306.5833333333333,348.25,180.83333333333331
8,20,29.857142857142858,53.864285714285714,69.21428571428571,1003.95,262.5,4.142857142857143,286.0,446.9285714285714,199.7142857142857
4,26,30.97142857142857,28.057142857142857,56.142857142857146,996.2928571428572,81.71428571428571,4.371428571428572,474.1428571428572,501.57142857142856,154.92857142857142
12,12,28.633333333333336,46.275,64.83333333333333,1009.9583333333334,55.66666666666666,3.966666666666667,188.5,256.0,163.33333333333334
7,30,26.985714285714288,67.73571428571428,80.92857142857143,1002.4214285714286,118.71428571428572,1.707142857142857,90.35714285714286,284.2857142857143,202.7142857142857
1,11,28.183333333333334,35.391666666666666,62.16666666666666,1007.275,86.75,2.3583333333333334,277.5,308.6666666666667,162.91666666666666
3,12,30.2,35.791666666666664,55.083333333333336,1011.8166666666666,94.75,5.408333333333334,690.5,586.1666666666666,117.5
7,17,27.464285714285715,66.78571428571429,79.64285714285714,998.9,236.2142857142857,7.357142857142857,31.142857142857142,271.1428571428572,246.5
12,16,29.46666666666667,42.025,61.41666666666666,1009.425,64.25,4.191666666666666,265.9166666666667,349.25,181.41666666666663
11,18,29.09166666666667,43.25,72.0,1006.2666666666668,232.25,3.466666666666667,419.0,441.5,148.25
9,7,29.707692307692305,59.84615384615385,70.6923076923077,1005.5538461538462,237.0,8.123076923076923,199.46153846153845,417.5384615384616,263.46153846153845
7,12,31.36428571428572,53.45,61.85714285714285,1007.2642857142856,163.57142857142858,1.092857142857143,251.2142857142857,399.1428571428572,215.42857142857144
2,7,26.308333333333334,22.641666666666666,62.75,1000.7416666666668,89.25,3.908333333333333,748.6666666666666,542.4166666666666,74.0
7,2,31.392857142857142,53.96428571428572,59.57142857142857,1005.5357142857144,134.78571428571428,1.5714285714285714,161.92857142857142,390.6428571428572,290.7857142857143
7,23,31.6,55.471428571428575,60.92857142857143,1005.5571428571428,138.57142857142858,1.4285714285714286,190.28571428571428,359.1428571428572,213.07142857142856
4,20,30.721428571428568,34.042857142857144,58.92857142857143,995.25,93.14285714285714,3.1714285714285717,589.9285714285714,535.7142857142857,100.85714285714286
2,25,26.891666666666666,30.09166666666667,64.0,999.975,75.83333333333333,2.5083333333333333,250.25,432.8333333333333,272.9166666666667
5,30,29.714285714285715,51.621428571428574,72.64285714285714,995.6428571428572,81.71428571428571,2.8857142857142857,296.7142857142857,442.8571428571428,227.2142857142857
1,23,27.425,27.316666666666663,56.083333333333336,1012.2166666666668,77.83333333333333,4.15,385.6666666666667,441.1666666666667,164.66666666666666
4,18,30.95714285714286,51.69285714285714,58.92857142857143,1009.7857142857144,123.0,2.4,180.28571428571428,384.07142857142856,230.7142857142857
4,14,29.43846153846154,51.06923076923077,60.46153846153846,1009.7923076923076,93.3846153846154,3.815384615384616,53.07692307692308,271.9230769230769,247.6153846153846
4,13,28.807692307692307,53.16153846153846,74.76923076923077,998.3307692307692,93.0,3.515384615384616,466.9230769230769,528.6153846153846,162.84615384615384
2,2,25.325,33.0,65.41666666666667,1014.05,64.75,3.975,82.5,234.58333333333331,192.0
6,26,31.592857142857145,57.93571428571429,59.71428571428572,1005.9714285714286,105.71428571428572,2.757142857142857,247.57142857142856,425.9285714285714,242.2142857142857
2,14,26.65833333333333,29.34166666666667,65.25,1003.3583333333332,69.41666666666667,6.541666666666667,468.5,480.8333333333333,189.91666666666663
9,10,31.09230769230769,52.13076923076923,60.46153846153846,1004.0615384615384,200.53846153846155,1.276923076923077,429.6923076923077,463.1538461538461,112.3076923076923
12,24,28.883333333333336,29.075,57.0,1009.0,42.91666666666666,2.85,608.4166666666666,453.1666666666667,99.91666666666669
7,3,30.77857142857143,53.6,62.35714285714285,1007.3571428571428,174.35714285714286,2.4714285714285715,470.3571428571428,467.8571428571428,146.0
7,31,27.12142857142857,65.84285714285714,79.71428571428571,1004.4714285714286,157.0,1.7142857142857142,98.92857142857144,266.42857142857144,184.92857142857144
1,7,28.258333333333336,49.43333333333334,64.08333333333333,1010.45,59.083333333333336,3.141666666666667,326.4166666666667,345.8333333333333,157.16666666666666
11,10,28.741666666666664,51.8,65.75,1007.9333333333334,281.4166666666667,2.466666666666667,117.58333333333331,328.0833333333333,238.75
5,20,32.44285714285714,54.85714285714285,56.57142857142857,1005.8785714285714,175.28571428571428,2.685714285714286,398.6428571428572,484.0,179.0
4,24,31.814285714285717,41.635714285714286,53.85714285714285,1007.6928571428572,102.92857142857144,4.678571428571429,473.7857142857143,499.0,139.0
1,16,26.116666666666664,30.391666666666666,69.41666666666667,1000.3083333333334,69.0,6.616666666666667,533.5833333333334,448.9166666666667,150.58333333333334
5,16,31.15714285714285,50.54285714285714,62.5,995.4,217.2142857142857,1.092857142857143,503.7857142857143,519.0,124.92857142857144
11,1,30.15833333333333,60.05833333333333,62.5,1005.1416666666668,43.75,1.7583333333333335,63.16666666666666,240.41666666666663,205.41666666666663
8,8,26.37857142857143,66.7,85.35714285714286,1002.6928571428572,167.28571428571428,3.457142857142857,15.0,170.35714285714286,163.57142857142858
2,4,26.241666666666664,24.8,55.5,1012.075,71.16666666666667,3.15,324.4166666666667,415.6666666666667,221.0
2,11,26.875,26.916666666666668,65.25,1004.725,72.41666666666667,6.933333333333334,662.9166666666666,521.6666666666666,110.08333333333331
2,22,27.475,22.33333333333333,55.0,1015.5833333333334,57.583333333333336,6.283333333333334,647.75,550.75,121.08333333333331
1,21,26.90833333333333,48.85,70.16666666666667,997.35,49.0,6.658333333333334,90.08333333333331,297.0,243.0
6,17,31.63571428571429,38.50714285714286,57.642857142857146,1006.1,135.78571428571428,2.685714285714286,496.0,501.6428571428572,140.92857142857142
12,5,29.71666666666667,58.85833333333333,63.91666666666666,1006.4666666666668,86.66666666666667,1.125,223.58333333333331,272.8333333333333,163.5
10,9,30.107692307692307,51.0923076923077,61.38461538461539,1007.0153846153846,58.92307692307692,1.5923076923076922,178.07692307692307,341.15384615384613,240.69230769230768
12,20,27.48333333333333,60.65833333333333,72.66666666666667,1007.475,70.16666666666667,3.908333333333333,53.0,281.25,243.25
1,11,26.416666666666668,34.43333333333333,75.5,1000.975,71.83333333333333,6.758333333333333,235.25,347.8333333333333,229.66666666666663
7,2,26.342857142857145,63.07142857142857,81.71428571428571,1006.4571428571428,151.64285714285714,2.8285714285714287,33.785714285714285,279.1428571428572,266.7142857142857
7,3,31.40714285714285,56.30714285714286,60.21428571428572,1006.6142857142858,107.71428571428572,1.9714285714285715,344.5,450.7857142857143,170.07142857142858
5,14,32.05,54.142857142857146,58.5,1005.3357142857144,161.92857142857142,1.8285714285714287,88.21428571428571,318.1428571428572,259.2142857142857
11,19,29.225,42.25,68.5,1005.2583333333332,313.0,2.283333333333333,284.3333333333333,391.75,225.75
3,14,27.808333333333334,40.4,65.66666666666667,1001.0083333333332,66.0,2.908333333333333,436.6666666666667,529.3333333333334,223.5
1,9,25.59166666666667,35.94166666666666,81.41666666666667,1002.45,64.58333333333333,6.608333333333333,392.6666666666667,371.25,170.25
1,28,27.95833333333333,23.141666666666666,57.41666666666666,1009.1166666666668,175.0,1.6916666666666669,617.4166666666666,498.4166666666667,124.75
9,22,28.384615384615383,48.72307692307693,67.23076923076923,1009.0769230769232,236.23076923076923,3.0461538461538464,437.2307692307692,503.1538461538461,170.15384615384616
12,17,29.375,29.791666666666668,60.5,1010.2333333333332,68.83333333333333,4.816666666666666,540.5833333333334,436.5833333333333,119.91666666666669
1,7,25.96666666666667,33.05,71.83333333333333,1002.075,70.83333333333333,7.308333333333334,257.75,317.3333333333333,175.25
12,8,28.058333333333334,59.24166666666667,71.75,1008.2666666666668,62.5,2.9250000000000003,171.58333333333334,334.25,225.0
2,20,26.90833333333333,25.825,55.333333333333336,1014.825,70.75,4.633333333333334,620.0833333333334,538.0,137.16666666666666
4,15,30.03846153846154,46.34615384615385,60.76923076923077,1009.5,199.84615384615384,1.8538461538461537,440.46153846153845,523.0,191.3846153846154
1,8,27.95833333333333,40.55833333333333,65.75,1009.9,74.66666666666667,3.7916666666666665,235.33333333333331,326.25,197.08333333333331
4,4,28.92142857142857,41.85,61.5,999.2714285714284,86.28571428571429,4.442857142857143,423.07142857142856,461.7142857142857,188.2142857142857
4,17,30.32307692307692,47.9076923076923,63.30769230769231,997.0692307692308,176.23076923076923,1.169230769230769,371.0769230769231,504.3076923076923,207.69230769230768
9,27,30.430769230769236,49.54615384615385,63.15384615384615,1008.453846153846,207.0,1.6923076923076923,182.23076923076923,351.61538461538464,218.23076923076923
10,7,30.41538461538461,37.23076923076923,58.84615384615385,1008.1615384615384,66.3076923076923,3.476923076923077,427.3076923076923,422.9230769230769,142.07692307692307
12,6,30.05,56.333333333333336,64.33333333333333,1007.15,70.5,2.025,139.5,300.6666666666667,226.0
8,19,30.12307692307693,59.4076923076923,64.46153846153847,1003.8461538461538,214.23076923076923,2.223076923076923,48.76923076923077,313.9230769230769,273.2307692307692
3,19,29.08333333333333,31.166666666666668,59.583333333333336,999.1083333333332,75.33333333333333,5.508333333333333,409.75,503.9166666666667,257.5833333333333
8,16,29.721428571428568,51.021428571428565,71.5,1006.1285714285714,247.3571428571429,6.464285714285714,443.57142857142856,496.2142857142857,153.5
12,9,30.008333333333336,54.833333333333336,63.66666666666666,1007.025,69.66666666666667,2.2333333333333334,241.08333333333331,302.5,160.08333333333334
10,28,29.516666666666666,59.96666666666667,66.75,1008.7083333333334,166.08333333333334,2.1416666666666666,379.9166666666667,411.4166666666667,153.83333333333334
12,23,28.325,40.55833333333333,66.08333333333333,1008.65,113.66666666666669,1.4666666666666668,239.83333333333331,272.3333333333333,157.58333333333334
11,27,29.48333333333333,49.55833333333334,66.08333333333333,1008.25,49.583333333333336,4.158333333333333,330.4166666666667,352.25,165.33333333333334
10,28,29.423076923076923,58.23076923076923,65.53846153846153,1005.8846153846154,70.38461538461539,3.576923076923077,35.53846153846154,211.84615384615384,195.07692307692307
11,17,29.041666666666668,43.91666666666666,69.5,1006.2,287.6666666666667,3.1916666666666664,306.75,377.5,200.08333333333331
7,4,30.778571428571432,59.221428571428575,59.642857142857146,1006.6714285714286,147.21428571428572,1.7357142857142858,95.21428571428572,339.85714285714283,258.1428571428572
11,22,29.308333333333334,56.23333333333333,66.08333333333333,1008.7,154.0,1.3333333333333333,10.833333333333334,185.5,179.0
9,5,29.392307692307693,54.6,68.53846153846153,1005.2076923076924,240.0,7.369230769230769,303.38461538461536,460.46153846153845,204.07692307692307
8,30,29.57692307692308,60.38461538461539,70.53846153846153,1002.676923076923,262.3076923076923,5.1923076923076925,75.38461538461539,359.7692307692308,300.6923076923077
2,4,27.008333333333336,28.808333333333334,68.08333333333333,1001.4333333333334,72.16666666666667,6.033333333333334,249.91666666666663,414.5833333333333,237.91666666666663
4,19,31.32857142857143,50.40714285714286,57.42857142857143,1008.8357142857144,113.92857142857144,3.585714285714286,285.6428571428572,426.3571428571428,245.42857142857144
7,8,31.335714285714285,55.76428571428572,62.785714285714285,1005.2571428571428,135.35714285714286,1.4928571428571429,195.5,361.4285714285714,230.92857142857144
3,14,30.316666666666663,30.816666666666663,52.91666666666666,1009.7333333333332,158.5,2.3666666666666667,560.1666666666666,571.0833333333334,171.33333333333334
4,16,30.17692307692308,44.73076923076923,62.38461538461539,997.2923076923076,104.6923076923077,2.9153846153846152,305.0,455.84615384615387,262.38461538461536
1,29,25.08333333333333,23.23333333333333,59.833333333333336,1002.225,63.66666666666666,7.425,171.75,331.5833333333333,219.91666666666663
1,21,26.95833333333333,29.4,62.16666666666666,1015.0416666666666,96.75,6.341666666666666,329.6666666666667,363.8333333333333,181.33333333333331
1,8,26.508333333333336,32.516666666666666,69.66666666666667,1001.8833333333332,75.33333333333333,7.15,544.5,448.0,121.33333333333331
1,10,26.625,33.525,71.41666666666667,1001.675,69.58333333333333,8.049999999999999,365.4166666666667,388.6666666666667,167.0
7,4,30.985714285714288,55.25,59.35714285714285,1007.5857142857144,197.14285714285717,2.571428571428572,428.57142857142856,468.7857142857143,130.57142857142858
6,18,31.40714285714285,52.82857142857143,59.35714285714285,1006.25,155.71428571428572,1.0357142857142858,371.3571428571428,452.6428571428572,167.07142857142858
12,28,29.20833333333333,42.75,64.16666666666667,1009.4333333333334,97.33333333333331,4.433333333333334,457.4166666666667,409.0,158.25
2,29,28.5,40.44166666666667,58.41666666666666,1009.525,99.08333333333331,3.1833333333333336,531.5833333333334,507.9166666666667,158.66666666666666
1,22,27.041666666666668,21.84166666666667,56.16666666666666,1014.25,83.66666666666667,6.241666666666667,586.8333333333334,472.3333333333333,124.16666666666669
5,1,31.37142857142857,42.92142857142857,55.785714285714285,995.8857142857142,204.07142857142856,0.9642857142857144,371.4285714285714,478.5,171.64285714285714
10,29,29.13076923076923,50.107692307692304,67.46153846153847,1008.8692307692309,190.30769230769232,1.2,219.3846153846154,306.3076923076923,196.07692307692307
3,9,30.25,43.68333333333334,61.91666666666666,1007.175,179.33333333333334,2.716666666666667,543.75,552.75,155.08333333333334
1,24,26.133333333333336,40.05833333333333,73.66666666666667,999.5166666666668,58.333333333333336,7.866666666666667,112.5,250.16666666666663,188.58333333333331
9,9,28.5,60.86153846153847,74.07692307692308,1006.3538461538462,261.2307692307692,5.699999999999999,7.769230769230769,188.46153846153845,181.0
12,9,27.53333333333333,45.525,62.66666666666666,1009.7583333333332,50.333333333333336,3.6833333333333336,356.5833333333333,382.3333333333333,186.83333333333331
12,30,28.98333333333333,35.675000000000004,63.41666666666666,1011.8833333333332,67.33333333333333,3.2,372.9166666666667,364.3333333333333,139.08333333333334
3,15,29.241666666666664,44.25,59.583333333333336,1010.6166666666668,109.25,2.575,193.33333333333331,412.75,259.0
8,7,28.57857142857143,68.1,77.85714285714286,997.3928571428572,228.92857142857144,8.528571428571428,11.928571428571429,155.92857142857142,147.28571428571428
4,28,31.1,35.83571428571428,55.35714285714285,1008.0785714285714,101.71428571428572,3.4714285714285715,513.2142857142857,517.0,125.28571428571428
12,17,29.383333333333336,50.825,62.0,1008.05,61.66666666666666,4.825,125.08333333333331,283.8333333333333,207.25
10,21,29.59166666666667,62.525,69.58333333333333,1001.175,185.16666666666663,6.425,168.83333333333334,385.25,253.41666666666663
11,23,29.791666666666668,50.73333333333333,64.25,1009.0416666666666,62.66666666666666,1.55,224.58333333333331,281.25,183.75
8,23,28.707142857142856,63.42857142857143,72.92857142857143,1003.5857142857144,248.2142857142857,7.871428571428572,15.571428571428571,246.5,233.2142857142857
7,22,30.25714285714286,61.24285714285714,64.78571428571429,1004.157142857143,193.7142857142857,2.657142857142857,148.71428571428572,326.42857142857144,196.5
3,18,29.291666666666668,32.71666666666667,56.41666666666666,1010.4833333333332,120.58333333333331,3.158333333333333,510.9166666666667,533.25,203.75
8,12,30.77142857142857,57.971428571428575,62.21428571428572,1008.3928571428572,87.57142857142857,2.878571428571429,142.57142857142858,349.1428571428572,250.5
7,23,29.478571428571428,59.65,66.42857142857143,1004.2357142857144,245.07142857142856,3.1214285714285714,86.5,367.3571428571428,305.2857142857143
1,18,28.40833333333333,41.84166666666666,67.16666666666667,1009.9416666666666,181.66666666666663,1.8416666666666668,68.75,217.58333333333331,184.5
8,21,29.085714285714285,59.4,71.07142857142857,1007.3785714285714,215.0,3.292857142857143,68.85714285714286,219.0,175.92857142857142
9,14,31.138461538461534,57.06153846153846,63.61538461538461,1004.7692307692308,239.0,1.2384615384615385,209.69230769230768,343.0,211.23076923076923
12,14,29.85833333333333,45.69166666666666,62.833333333333336,1007.4833333333332,94.08333333333331,1.7,356.6666666666667,328.25,130.83333333333334
6,30,28.292857142857144,67.52142857142857,79.92857142857143,1002.0,225.0,6.507142857142857,50.785714285714285,298.42857142857144,268.57142857142856
10,17,30.09230769230769,44.52307692307692,60.61538461538461,1007.8846153846154,77.61538461538461,1.323076923076923,163.46153846153845,290.84615384615387,206.3846153846154
11,12,26.6,63.7,83.83333333333333,1003.1583333333332,132.5,8.783333333333333,20.416666666666668,149.66666666666666,144.41666666666666
6,30,30.95,56.24285714285714,60.5,1006.2714285714284,213.8571428571429,3.492857142857143,494.8571428571428,502.7142857142857,126.0
10,15,29.207692307692305,60.11538461538461,70.53846153846153,1004.876923076923,113.92307692307692,4.176923076923076,26.615384615384617,221.84615384615384,206.30769230769232
3,3,28.45833333333333,36.03333333333333,59.41666666666666,1010.5083333333332,76.66666666666667,3.883333333333333,250.5,368.25,231.66666666666663
1,14,26.65833333333333,30.59166666666667,67.91666666666667,998.925,71.41666666666667,6.833333333333333,569.4166666666666,454.8333333333333,131.41666666666666
7,31,29.814285714285717,59.46428571428572,66.78571428571429,1004.4142857142856,229.42857142857144,5.1000000000000005,177.35714285714286,395.5,243.57142857142856
3,30,29.26923076923077,35.06923076923077,61.15384615384615,998.3538461538462,73.0,3.430769230769231,443.0,523.0769230769231,190.53846153846155
11,21,29.875,45.35833333333333,61.333333333333336,1007.7833333333332,65.16666666666667,4.241666666666666,466.1666666666667,406.5,137.83333333333334
3,6,28.34166666666667,38.833333333333336,63.16666666666666,999.4083333333332,81.91666666666667,3.333333333333333,620.4166666666666,564.3333333333334,133.91666666666666
3,22,30.4,39.84615384615385,55.92307692307692,1009.6923076923076,131.0,2.630769230769231,481.3076923076923,507.46153846153845,164.07692307692307
12,26,29.78333333333333,56.6,66.25,1006.5916666666668,115.08333333333331,4.5,122.33333333333331,307.8333333333333,226.33333333333331
4,24,30.75,34.74285714285714,60.0,996.7571428571428,93.21428571428572,4.764285714285714,498.3571428571428,500.2857142857143,159.78571428571428
6,1,33.44285714285714,53.04285714285714,54.42857142857143,1005.7928571428572,104.71428571428572,3.792857142857143,191.57142857142856,397.9285714285714,247.3571428571429
10,6,29.96923076923077,49.73076923076923,63.76923076923077,1007.7,89.3076923076923,2.6,204.84615384615384,346.53846153846155,235.46153846153845
5,6,32.52142857142857,45.60714285714285,57.85714285714285,1006.6285714285714,199.64285714285717,2.6357142857142857,452.1428571428572,499.9285714285714,149.21428571428572
12,15,29.73333333333333,47.80833333333334,62.583333333333336,1008.9,64.58333333333333,4.25,184.41666666666663,307.1666666666667,183.41666666666663
1,30,27.0,32.00833333333333,59.16666666666666,1009.775,263.8333333333333,2.375,538.8333333333334,489.6666666666667,139.16666666666666
5,20,29.65714285714285,51.642857142857146,74.71428571428571,995.4785714285716,263.42857142857144,2.071428571428572,335.2857142857143,433.7857142857143,152.71428571428572
2,16,27.133333333333336,30.508333333333336,62.083333333333336,1002.0166666666668,72.0,4.816666666666667,564.3333333333334,512.1666666666666,139.25
8,3,26.585714285714285,66.77142857142857,85.28571428571429,1002.2071428571428,232.42857142857144,6.421428571428572,1.0,115.28571428571428,114.78571428571428
9,8,29.53076923076923,58.53846153846154,71.61538461538461,1005.8384615384616,239.15384615384616,7.292307692307692,215.23076923076923,425.46153846153845,241.0
7,5,30.635714285714283,58.67857142857143,62.92857142857143,1005.9928571428572,188.8571428571429,2.407142857142857,303.85714285714283,418.2142857142857,212.42857142857144
5,16,31.2,55.32142857142857,62.0,1004.6285714285714,190.64285714285717,2.085714285714286,313.07142857142856,453.5,212.57142857142856
9,18,28.184615384615384,62.16923076923077,73.92307692307692,1005.2307692307692,228.3846153846154,7.3538461538461535,129.30769230769232,336.46153846153845,242.3846153846154
12,25,26.825,59.85,74.83333333333333,1006.5166666666668,37.083333333333336,5.1000000000000005,49.75,142.58333333333334,106.91666666666669
10,31,30.258333333333336,53.68333333333334,62.0,1006.0583333333334,43.75,2.525,222.91666666666663,342.8333333333333,221.91666666666663
3,17,28.84166666666667,40.40833333333333,59.25,1012.2833333333332,90.33333333333331,3.925,159.33333333333334,361.25,272.75
8,26,30.407692307692308,43.35384615384616,66.6923076923077,1005.1384615384616,260.46153846153845,4.538461538461538,447.61538461538464,521.9230769230769,161.46153846153845
8,7,27.50714285714286,64.97142857142858,77.28571428571429,1004.5857142857144,175.57142857142858,2.8857142857142857,151.85714285714286,271.92857142857144,165.28571428571428
11,7,28.78333333333333,59.16666666666666,68.25,1003.175,237.91666666666663,1.5916666666666668,87.0,283.3333333333333,231.33333333333331
10,10,29.275,63.025,69.16666666666667,1004.0666666666666,201.25,1.9166666666666667,89.25,314.9166666666667,247.08333333333331
6,11,27.514285714285712,65.18571428571428,77.71428571428571,1002.9714285714286,268.85714285714283,3.457142857142857,155.28571428571428,333.7142857142857,186.78571428571428
1,4,26.516666666666666,33.25,73.66666666666667,1004.2083333333334,70.0,8.108333333333333,523.4166666666666,438.8333333333333,130.91666666666666
9,16,30.125,66.99166666666666,68.5,1003.1666666666666,116.75,4.95,73.66666666666667,356.3333333333333,296.1666666666667
8,25,30.385714285714283,45.35714285714285,68.07142857142857,1005.65,251.8571428571429,4.65,549.5714285714286,513.0714285714286,104.07142857142856
12,1,28.141666666666666,44.88333333333333,60.66666666666666,1007.625,171.83333333333334,2.325,364.0,402.75,171.33333333333334
10,11,29.41538461538461,42.68461538461538,63.38461538461539,1006.9,217.30769230769232,1.8692307692307693,369.38461538461536,453.5384615384616,182.69230769230768
3,20,29.884615384615383,38.14615384615385,56.0,1010.0692307692308,152.0,2.4384615384615382,294.84615384615387,429.2307692307692,237.23076923076923
2,13,26.933333333333334,36.75833333333333,62.75,1012.6333333333332,88.0,3.275,116.16666666666669,277.9166666666667,215.16666666666663
10,13,29.816666666666663,58.958333333333336,67.08333333333333,1005.425,85.33333333333333,2.408333333333333,186.0,409.1666666666667,264.6666666666667
11,7,28.9,51.625,67.41666666666667,1007.725,76.0,2.466666666666667,161.0,260.9166666666667,151.91666666666666
1,4,27.641666666666666,33.88333333333333,62.083333333333336,1010.75,52.833333333333336,4.45,328.3333333333333,351.3333333333333,182.58333333333331
9,2,30.515384615384612,52.815384615384616,65.3076923076923,1006.2846153846154,259.0769230769231,3.9153846153846152,456.9230769230769,504.3076923076923,144.6153846153846
10,17,30.03333333333333,56.80833333333334,63.833333333333336,1005.85,223.33333333333331,1.2083333333333333,6.916666666666667,213.58333333333331,210.0
2,8,26.808333333333334,24.8,63.833333333333336,1000.2166666666668,84.66666666666667,3.9166666666666665,577.4166666666666,502.0833333333333,139.25
8,4,26.457142857142856,68.29285714285714,87.35714285714286,1000.45,236.3571428571429,6.642857142857143,14.642857142857142,314.7857142857143,301.7857142857143
12,29,28.95833333333333,57.73333333333333,68.58333333333333,1005.7333333333332,189.25,0.7666666666666666,244.5,353.1666666666667,220.83333333333331
7,20,30.314285714285717,57.83571428571429,66.35714285714286,1006.1428571428572,271.7857142857143,3.792857142857143,344.6428571428572,459.5,190.5
1,27,25.025,27.075,63.66666666666666,1002.6166666666668,65.41666666666667,7.941666666666666,127.08333333333331,272.5,184.5
10,1,29.553846153846152,52.9076923076923,68.38461538461539,1008.676923076923,235.46153846153845,2.723076923076923,387.61538461538464,475.0,177.84615384615384
2,8,29.15833333333333,51.475,62.583333333333336,1011.4583333333334,83.83333333333333,4.3,102.83333333333331,298.75,229.0
4,1,29.27142857142857,32.92142857142857,58.285714285714285,999.6928571428572,76.35714285714286,4.742857142857143,254.57142857142856,392.0,220.7142857142857
11,22,29.2,36.79166666666666,59.833333333333336,1009.125,60.66666666666666,4.825,474.4166666666667,423.0,128.08333333333334
6,7,33.09285714285714,54.771428571428565,54.07142857142857,1007.8,100.57142857142856,4.364285714285715,475.1428571428572,488.7857142857143,151.21428571428572
2,21,26.85,25.3,59.91666666666666,1002.6916666666666,83.0,4.675,590.75,522.1666666666666,152.5
11,11,28.558333333333334,56.65833333333333,68.33333333333333,1007.5333333333332,188.25,1.5416666666666667,156.58333333333334,348.4166666666667,231.66666666666663
6,14,31.285714285714285,54.24285714285714,61.0,1008.1071428571428,106.14285714285714,3.871428571428571,195.3571428571429,363.7142857142857,221.92857142857144
2,18,27.808333333333334,28.025,59.583333333333336,1001.8666666666668,95.5,4.991666666666666,588.6666666666666,513.5833333333334,149.66666666666666
11,4,29.20833333333333,62.23333333333333,68.58333333333333,1008.0083333333332,107.16666666666669,2.625,2.5,183.91666666666663,182.33333333333331
3,25,29.15,29.041666666666668,54.5,1000.0916666666668,83.5,4.958333333333333,300.6666666666667,424.0,241.25
6,26,29.714285714285715,65.25714285714285,69.85714285714286,1004.3,238.07142857142856,3.9071428571428575,158.5,348.2857142857143,209.64285714285717
6,1,31.735714285714288,49.94285714285714,56.42857142857143,1008.0857142857144,120.28571428571428,2.65,298.5,429.7857142857143,222.5
3,1,28.316666666666663,34.925000000000004,59.16666666666666,1009.7166666666668,134.16666666666666,2.5,264.8333333333333,409.25,265.4166666666667
7,11,31.4,55.04285714285714,60.35714285714285,1005.907142857143,201.0,2.0785714285714287,203.07142857142856,397.0,224.28571428571428
1,5,27.65,35.34166666666667,60.0,1011.4083333333332,68.75,6.066666666666666,443.4166666666667,407.6666666666667,133.08333333333334
2,10,27.166666666666668,34.19166666666667,69.08333333333333,1003.1416666666668,70.75,6.083333333333333,278.3333333333333,372.8333333333333,214.58333333333331
6,22,31.835714285714285,50.50714285714286,61.57142857142857,1003.9928571428572,248.8571428571429,2.507142857142857,309.6428571428572,444.6428571428572,188.0
5,7,28.15714285714285,59.114285714285714,81.78571428571429,993.5214285714284,267.1428571428572,2.628571428571429,33.5,274.42857142857144,242.8571428571429
12,31,27.35,55.21666666666667,63.083333333333336,1008.7916666666666,49.91666666666666,6.308333333333334,37.91666666666666,269.5833333333333,240.66666666666663
8,18,29.571428571428573,54.285714285714285,71.57142857142857,1005.6,268.42857142857144,4.428571428571429,360.7142857142857,471.07142857142856,183.78571428571428
12,21,28.78333333333333,41.81666666666667,64.66666666666667,1009.2333333333332,63.91666666666666,3.5583333333333336,174.58333333333334,290.0,204.91666666666663
8,30,27.59230769230769,60.06923076923077,75.92307692307692,1006.1,264.0769230769231,2.8076923076923075,59.15384615384615,337.84615384615387,289.0769230769231
5,21,28.97142857142857,54.42857142857143,79.28571428571429,995.3214285714286,273.6428571428572,1.6142857142857143,284.1428571428572,407.5,189.8571428571429
9,4,29.376923076923077,55.5,69.23076923076923,1005.3,237.69230769230768,6.130769230769231,534.9230769230769,534.8461538461538,127.76923076923076
10,3,30.46923076923077,58.06923076923077,64.76923076923077,1004.753846153846,214.7692307692308,2.276923076923077,280.2307692307692,425.7692307692308,211.7692307692308
12,7,29.191666666666663,61.80833333333334,68.25,1007.6083333333332,64.16666666666667,3.75,1.5833333333333333,93.58333333333331,92.33333333333331
8,16,30.0,60.23846153846154,64.38461538461539,1004.9,202.7692307692308,1.892307692307692,70.53846153846153,316.38461538461536,256.61538461538464
7,28,30.442857142857143,61.37857142857143,62.92857142857143,1004.3214285714286,166.78571428571428,1.1285714285714286,10.714285714285714,290.07142857142856,282.07142857142856
3,19,29.391666666666666,34.35,55.0,1010.1166666666668,155.5,1.7916666666666667,558.1666666666666,564.0,193.66666666666663
9,28,30.83076923076923,52.18461538461538,62.84615384615385,1006.8692307692309,214.23076923076923,2.330769230769231,194.46153846153845,348.53846153846155,209.6153846153846
4,30,31.292857142857144,48.5,57.07142857142857,1008.4642857142856,102.42857142857144,3.521428571428572,204.3571428571429,385.4285714285714,266.2142857142857
7,13,26.935714285714287,58.33571428571429,75.92857142857143,1006.4142857142856,138.85714285714286,2.007142857142857,18.857142857142858,91.64285714285714,86.92857142857143
5,4,32.73571428571429,47.95,58.0,1006.75,129.85714285714286,2.9785714285714286,412.3571428571428,471.6428571428572,193.28571428571428
1,23,26.391666666666666,37.75833333333333,71.5,998.5916666666668,48.66666666666666,7.858333333333333,148.83333333333334,326.8333333333333,243.16666666666663
3,13,27.175,39.675,71.83333333333333,1000.975,80.0,3.6,301.3333333333333,477.6666666666667,258.5
9,29,30.49230769230769,54.11538461538461,64.3076923076923,1005.0307692307692,291.2307692307692,3.0461538461538464,215.30769230769232,376.38461538461536,223.0
5,18,31.97142857142857,53.021428571428565,60.285714285714285,1004.4571428571428,251.2142857142857,2.271428571428572,270.85714285714283,379.9285714285714,164.5
9,29,29.684615384615384,51.93076923076923,69.46153846153847,1006.2923076923076,257.0,4.7,211.0,419.2307692307692,238.92307692307693
5,17,31.714285714285715,52.221428571428575,61.285714285714285,1003.8071428571428,163.64285714285714,2.414285714285714,464.7857142857143,498.1428571428572,159.85714285714286
5,5,32.83571428571428,41.55714285714286,55.35714285714285,1006.5785714285714,112.42857142857144,3.9785714285714286,455.7857142857143,482.8571428571428,172.85714285714286
2,27,28.316666666666663,33.15,56.0,1010.6916666666666,76.58333333333333,4.775,387.8333333333333,480.4166666666667,219.16666666666663
2,1,25.891666666666666,29.775,60.583333333333336,1013.175,82.75,3.758333333333333,295.5,418.1666666666667,231.5
1,12,26.48333333333333,36.21666666666667,72.16666666666667,1000.4166666666666,61.833333333333336,5.75,376.25,396.0833333333333,175.0
7,20,30.81428571428572,57.21428571428572,59.785714285714285,1006.0857142857144,113.78571428571428,3.15,319.2857142857143,451.7857142857143,196.5
9,1,28.615384615384617,61.11538461538461,68.23076923076923,1004.2230769230767,169.0,2.3076923076923075,376.0769230769231,477.6923076923077,155.84615384615384
5,22,28.442857142857143,52.76428571428572,80.14285714285714,995.4357142857144,256.07142857142856,1.5214285714285716,312.85714285714283,418.07142857142856,151.78571428571428
12,22,28.525,48.68333333333334,68.16666666666667,1007.075,131.0,1.1166666666666667,204.41666666666663,336.8333333333333,208.16666666666663
11,4,29.84166666666667,58.30833333333334,66.33333333333333,1005.2833333333332,211.75,3.208333333333333,272.0833333333333,392.8333333333333,187.41666666666663
10,22,29.73846153846154,49.138461538461534,63.23076923076923,1005.7923076923076,140.23076923076923,1.4769230769230768,294.38461538461536,374.61538461538464,185.6153846153846
11,2,29.95384615384615,62.38461538461539,64.46153846153847,1004.1384615384616,95.6153846153846,1.3846153846153846,41.92307692307692,264.46153846153845,243.23076923076923
10,6,30.84166666666667,63.35833333333333,63.583333333333336,1004.45,113.16666666666669,1.4333333333333331,127.66666666666669,356.3333333333333,264.9166666666667
12,11,28.1,48.64166666666667,65.66666666666667,1008.675,114.75,1.1083333333333334,155.58333333333334,272.3333333333333,188.91666666666663
3,11,28.808333333333334,28.133333333333336,59.41666666666666,998.9416666666666,252.16666666666663,0.9916666666666668,444.75,539.1666666666666,216.41666666666663
7,21,29.985714285714288,60.33571428571429,67.42857142857143,1005.3142857142856,248.0,3.057142857142857,156.92857142857142,372.5,230.57142857142856
2,23,27.691666666666663,35.016666666666666,60.0,1013.8166666666666,53.083333333333336,5.433333333333334,482.9166666666667,490.25,179.91666666666666
4,6,29.67692307692308,39.784615384615385,62.07692307692308,998.3,89.07692307692308,2.646153846153846,401.61538461538464,494.5384615384616,224.46153846153845
3,16,28.96666666666667,43.80833333333334,60.083333333333336,1011.6666666666666,82.0,4.083333333333333,6.166666666666667,228.41666666666663,226.25
7,13,30.95,51.55714285714286,61.642857142857146,1005.4928571428572,268.42857142857144,2.357142857142857,464.8571428571428,494.1428571428572,138.0
8,11,30.95,58.91428571428571,63.642857142857146,1008.0285714285714,134.5,1.9357142857142855,124.14285714285714,342.42857142857144,231.5
7,18,31.55,49.44285714285714,59.785714285714285,1006.1785714285714,103.78571428571428,3.7857142857142856,255.0,424.57142857142856,237.07142857142856
3,27,30.37857142857143,35.49285714285714,56.285714285714285,1009.1357142857142,95.14285714285714,4.771428571428571,538.2857142857143,509.0,126.71428571428572
6,24,31.714285714285715,51.01428571428572,59.5,1005.3928571428572,180.92857142857144,1.7,318.6428571428572,433.57142857142856,184.78571428571428
9,22,30.63076923076923,52.638461538461534,62.92307692307692,1005.4384615384616,240.7692307692308,2.3000000000000003,225.7692307692308,415.6923076923077,239.15384615384616
3,21,30.446153846153848,37.06923076923077,54.15384615384615,1010.4846153846154,117.6153846153846,3.4000000000000004,399.9230769230769,474.0,223.7692307692308
8,1,29.435714285714287,61.44285714285714,71.64285714285714,1004.9714285714286,241.57142857142856,6.142857142857143,120.5,357.1428571428572,251.0
4,6,30.22142857142857,35.607142857142854,55.5,1008.7214285714286,131.85714285714286,3.271428571428572,435.3571428571428,470.2857142857143,188.28571428571428
7,15,31.678571428571427,53.05,60.07142857142857,1005.45,187.57142857142856,1.2642857142857142,327.7142857142857,418.2142857142857,169.57142857142858
11,28,29.441666666666663,47.75833333333333,62.75,1008.5916666666668,58.583333333333336,5.2250000000000005,204.83333333333331,312.8333333333333,203.0
8,9,26.692857142857143,69.2,84.28571428571429,1004.0642857142856,174.57142857142858,5.571428571428571,2.071428571428572,175.85714285714286,173.78571428571428
11,28,29.866666666666664,55.11666666666667,64.75,1007.975,76.16666666666667,4.6000000000000005,86.58333333333333,292.6666666666667,229.5
10,4,29.36923076923077,52.5923076923077,62.46153846153846,1007.1384615384616,201.46153846153845,1.9769230769230768,172.53846153846155,333.0,219.69230769230768
7,5,30.414285714285715,53.10714285714285,62.21428571428572,1005.9714285714286,250.5,2.8000000000000003,429.9285714285714,489.2142857142857,164.71428571428572
5,22,31.97142857142857,59.021428571428565,61.5,1005.75,197.78571428571428,3.271428571428572,188.14285714285717,387.7142857142857,229.7142857142857
1,3,27.683333333333334,28.933333333333334,61.0,1012.525,56.91666666666666,4.833333333333333,292.0833333333333,357.4166666666667,187.41666666666663
12,6,28.78333333333333,47.50833333333333,68.33333333333333,1007.625,236.0,1.9166666666666667,562.0,447.4166666666667,109.25
4,7,30.6,39.73076923076923,59.15384615384615,997.9615384615385,87.0,2.2,587.3846153846154,561.5384615384615,125.15384615384616
4,21,30.914285714285715,40.25,59.642857142857146,995.4714285714286,111.78571428571428,2.128571428571429,546.1428571428571,526.7857142857143,110.57142857142856
12,10,29.625,58.31666666666666,65.5,1007.0416666666666,90.66666666666669,2.6,11.416666666666666,119.5,117.91666666666669
7,11,31.00714285714286,50.58571428571429,62.35714285714285,1008.7857142857144,215.0,2.685714285714286,489.8571428571428,499.4285714285714,115.57142857142856
6,14,31.35,60.10714285714285,65.57142857142857,1004.6714285714286,240.64285714285717,5.885714285714286,427.5,484.07142857142856,143.85714285714286
5,23,31.414285714285715,62.42142857142857,63.07142857142857,1006.9142857142856,225.07142857142856,4.242857142857143,252.42857142857144,410.4285714285714,203.92857142857144
3,1,27.45833333333333,24.316666666666663,61.0,999.7416666666668,74.16666666666667,4.383333333333334,584.4166666666666,546.5,152.33333333333334
10,24,29.384615384615383,61.400000000000006,68.3076923076923,1006.0307692307692,214.92307692307693,1.8923076923076925,175.84615384615384,315.3076923076923,182.46153846153845
6,16,31.307142857142857,49.31428571428571,60.71428571428572,1006.4142857142856,132.0,2.271428571428572,203.42857142857144,370.2142857142857,242.07142857142856
1,20,27.225,33.09166666666667,66.66666666666667,1012.9916666666668,90.0,3.925,83.08333333333333,229.75,200.58333333333331
9,5,30.75,58.25,66.75,1003.6833333333334,259.4166666666667,3.2,491.4166666666667,555.0833333333334,178.5
7,30,28.5,58.57142857142857,68.21428571428571,1004.7285714285716,207.5,2.607142857142857,72.64285714285714,310.7857142857143,252.64285714285717
4,5,30.542857142857144,26.36428571428572,48.0,1009.95,105.14285714285714,4.114285714285715,534.2142857142857,510.9285714285714,140.28571428571428
7,6,30.014285714285712,56.85,66.0,1005.4428571428572,253.3571428571429,3.5500000000000003,388.3571428571428,468.4285714285714,169.57142857142858
6,29,28.52857142857143,67.14285714285714,77.21428571428571,1003.4428571428572,234.0,5.55,18.357142857142858,198.64285714285717,190.64285714285717
3,16,27.65,40.10833333333333,65.58333333333333,1000.225,76.0,5.433333333333334,277.9166666666667,474.0833333333333,284.3333333333333
7,26,31.142857142857142,58.121428571428574,64.35714285714286,1005.0857142857144,201.2142857142857,1.4,274.35714285714283,414.1428571428572,213.0
1,26,25.65,29.05,67.66666666666667,1001.4416666666666,65.25,7.708333333333333,28.83333333333333,182.91666666666663,164.66666666666666
5,30,31.964285714285715,41.47857142857144,58.5,1009.7285714285716,176.35714285714286,1.9857142857142855,319.2857142857143,438.9285714285714,214.78571428571428
11,9,30.0,54.23333333333333,64.0,1006.9,186.91666666666663,0.975,176.91666666666666,349.5,231.58333333333331
9,23,29.876923076923077,49.892307692307696,63.61538461538461,1010.323076923077,183.7692307692308,0.8846153846153846,389.1538461538461,482.84615384615387,196.30769230769232
11,18,30.08333333333333,49.19166666666666,64.91666666666667,1006.65,92.5,2.308333333333333,313.25,336.6666666666667,175.41666666666666
10,10,29.53846153846154,45.03846153846154,63.23076923076923,1007.5230769230768,167.92307692307693,1.0615384615384615,441.7692307692308,467.2307692307692,156.84615384615384
3,17,27.633333333333336,40.21666666666667,68.25,1000.725,69.08333333333333,5.833333333333333,262.5833333333333,377.6666666666667,236.5
5,10,27.77142857142857,61.285714285714285,84.35714285714286,995.6214285714286,247.78571428571428,2.95,523.0714285714286,517.7142857142857,114.78571428571428
12,29,28.883333333333336,31.46666666666667,61.5,1011.0166666666668,97.41666666666669,5.666666666666667,378.5,356.9166666666667,169.0
10,5,30.646153846153844,54.47692307692308,63.38461538461539,1003.4923076923076,110.6923076923077,1.807692307692308,99.15384615384616,242.07692307692307,181.23076923076923
6,13,31.485714285714288,59.35,62.71428571428572,1005.2642857142856,254.28571428571428,4.5,363.7142857142857,463.1428571428572,189.64285714285717
4,12,30.146153846153844,52.2,61.23076923076923,1008.123076923077,194.15384615384616,3.1923076923076925,92.6153846153846,390.38461538461536,324.15384615384613
6,9,33.042857142857144,58.2,56.42857142857143,1005.3,177.85714285714286,2.8857142857142857,405.0,479.9285714285714,170.42857142857142
1,2,28.683333333333334,35.825,61.833333333333336,1013.625,58.75,5.983333333333333,422.9166666666667,398.3333333333333,162.33333333333334
9,25,30.09230769230769,61.85384615384616,66.15384615384616,1004.3153846153848,225.46153846153845,2.1846153846153844,96.6923076923077,295.6923076923077,243.07692307692307
2,26,27.025,25.891666666666666,61.583333333333336,999.8666666666668,71.33333333333333,5.1000000000000005,265.9166666666667,387.0,244.66666666666663
6,2,32.05,46.92857142857143,56.35714285714285,1007.4571428571428,148.78571428571428,2.4214285714285717,472.2142857142857,497.57142857142856,117.28571428571428
3,31,29.23076923076923,35.57692307692308,59.0,999.7615384615384,79.92307692307692,4.292307692307692,370.9230769230769,466.2307692307692,209.53846153846155
6,3,32.09285714285714,46.82142857142857,56.57142857142857,1007.1214285714286,187.2142857142857,2.8857142857142857,352.2142857142857,442.57142857142856,177.92857142857142
4,8,30.392307692307693,43.43846153846154,57.23076923076923,1008.746153846154,132.6153846153846,2.007692307692308,296.9230769230769,473.38461538461536,248.30769230769232
3,18,28.85,35.891666666666666,59.333333333333336,999.45,75.25,5.608333333333333,524.8333333333334,558.0833333333334,175.25
3,29,30.65,36.75714285714286,53.42857142857143,1007.6071428571428,118.5,3.9214285714285713,499.9285714285714,487.8571428571428,153.35714285714286
2,17,27.40833333333333,32.391666666666666,61.16666666666666,1001.0833333333334,82.08333333333333,4.616666666666666,496.3333333333333,493.75,173.0
12,23,29.65,46.86666666666667,63.833333333333336,1007.075,91.16666666666669,2.9,494.3333333333333,424.4166666666667,135.58333333333334
2,10,26.516666666666666,39.81666666666667,59.66666666666666,1013.7333333333332,85.5,5.858333333333333,46.91666666666666,187.75,170.5
1,1,28.28333333333333,45.8,67.16666666666667,1013.5083333333332,47.333333333333336,5.75,128.08333333333334,279.5,212.91666666666663
9,13,30.91538461538461,55.323076923076925,59.76923076923077,1006.1538461538462,155.0,1.0692307692307692,383.0,480.2307692307692,205.0
6,28,29.99285714285714,63.07857142857143,68.92857142857143,1003.9142857142856,239.7142857142857,6.214285714285714,21.214285714285715,178.21428571428572,164.57142857142858
4,22,31.52142857142857,49.12857142857143,60.5,1008.0785714285714,123.85714285714286,3.1,362.7857142857143,456.7857142857143,176.92857142857142
10,19,29.86923076923077,51.03076923076923,65.07692307692308,1008.5153846153846,205.92307692307693,1.0,113.46153846153848,264.38461538461536,203.15384615384616
6,15,31.25714285714286,58.31428571428571,65.28571428571429,1004.6,240.0,4.914285714285714,227.07142857142856,408.1428571428572,223.3571428571429
8,27,25.584615384615383,65.62307692307692,86.46153846153847,1001.7230769230767,254.46153846153845,3.876923076923077,3.076923076923077,137.53846153846155,136.76923076923077
9,8,31.184615384615384,51.51538461538462,61.92307692307692,1007.3615384615384,122.53846153846152,1.176923076923077,357.46153846153845,482.2307692307692,215.6153846153846
2,3,25.60833333333333,28.816666666666663,60.66666666666666,1013.6916666666666,80.83333333333333,5.116666666666666,111.58333333333331,225.5,185.91666666666663
3,24,28.46923076923077,29.26923076923077,57.92307692307692,999.2,78.3076923076923,6.484615384615385,660.4615384615385,566.6153846153846,103.0
7,21,31.071428571428573,58.021428571428565,61.0,1006.5071428571428,187.3571428571429,1.907142857142857,282.7857142857143,414.8571428571428,195.07142857142856
8,13,29.784615384615385,59.7,64.38461538461539,1007.4,254.6153846153846,1.446153846153846,242.0,380.38461538461536,195.53846153846155
9,17,28.023076923076925,62.91538461538461,74.15384615384616,1005.5538461538462,134.69230769230768,5.869230769230769,39.92307692307692,209.15384615384616,181.3846153846154
2,3,26.316666666666663,30.59166666666667,69.83333333333333,1001.7666666666668,76.91666666666667,5.525,328.5833333333333,410.25,211.83333333333331
7,7,31.571428571428573,53.18571428571429,60.785714285714285,1007.1785714285714,108.35714285714286,1.7,224.07142857142856,378.4285714285714,241.5
1,9,28.08333333333333,39.575,62.41666666666666,1009.4666666666668,71.58333333333333,3.15,227.08333333333331,262.5833333333333,162.0
2,24,26.875,27.90833333333333,62.91666666666666,999.3416666666668,71.41666666666667,2.9916666666666667,436.6666666666667,490.25,196.16666666666663
12,3,26.225,63.76666666666666,78.5,1000.5583333333334,69.91666666666667,11.908333333333331,5.0,26.916666666666668,26.25
1,16,28.35833333333333,44.775,62.16666666666666,1009.7,149.66666666666666,1.4333333333333331,505.6666666666667,450.25,132.75
8,14,29.29230769230769,60.284615384615385,67.23076923076923,1006.1307692307691,297.84615384615387,2.5461538461538464,179.6153846153846,422.84615384615387,280.38461538461536
7,22,31.185714285714283,56.68571428571429,61.5,1005.6428571428572,147.57142857142858,1.15,111.07142857142856,310.07142857142856,230.92857142857144
6,17,32.32857142857143,53.50714285714286,59.642857142857146,1006.25,139.28571428571428,2.821428571428572,396.6428571428572,480.07142857142856,168.64285714285714
12,27,25.291666666666668,62.458333333333336,84.83333333333333,1005.9416666666666,241.25,2.2916666666666665,0.3333333333333333,114.83333333333331,114.83333333333331
1,1,25.133333333333336,49.125,88.5,1001.4583333333334,71.5,7.108333333333333,113.16666666666669,264.8333333333333,204.66666666666663
5,11,27.321428571428573,59.22857142857144,87.57142857142857,996.8,243.57142857142856,2.414285714285714,344.1428571428572,469.07142857142856,192.57142857142856
2,7,28.883333333333336,50.7,65.08333333333333,1010.9666666666668,49.41666666666666,2.775,114.91666666666669,277.6666666666667,213.5
2,26,27.933333333333334,40.71666666666667,62.083333333333336,1010.5916666666668,106.33333333333331,2.1083333333333334,193.08333333333331,302.5833333333333,194.08333333333331
3,2,28.541666666666668,28.175,54.41666666666666,1009.9416666666666,104.33333333333331,3.8666666666666663,599.25,547.3333333333334,161.58333333333334
1,26,28.275,37.84166666666667,67.33333333333333,1008.0166666666668,199.25,2.5166666666666666,601.5833333333334,489.75,108.83333333333331
10,12,27.866666666666664,63.425,73.91666666666667,1004.325,109.41666666666669,1.1666666666666667,75.58333333333333,324.0,259.1666666666667
